episode,training_timestep,episode_reward,mean_queue,max_queue,mean_waiting_time,mean_speed,total_CO2,total_NOx,total_PMx,total_fuel,arrived_vehicles,pedestrian_waiting,phase_changes,collisions,teleports
0,3600,-6462.136248,27.25,190,7.596690270228683,3.9862673789582574,276915052.63811785,101471.27814840346,9507.551066842749,89773087.51381764,1530,1.246388888888889,359,6,2
1,7200,-6840.345711,28.37465277777778,190,8.329082714237025,3.6930774073855717,281788106.96473145,103597.42517832678,9365.698290147124,91352923.60998698,1512,1.2694444444444444,358,7,8
2,10800,-5501.587754,25.81597222222222,190,7.658541475533188,3.967931638989207,270980575.08178306,98683.1413047422,9666.872923836989,87849108.84196597,1552,1.183888888888889,359,9,2
3,14400,-4246.891484,22.926041666666666,190,6.882553609314972,4.571515146750122,256817159.40801927,92897.38402811985,9793.949234434065,83257392.91255146,1573,1.195,356,2,1
4,18000,-4935.77615,25.904166666666665,190,6.78315916478391,3.9419499374620104,275265673.98657477,100170.14934130377,9664.763231955472,89238284.08463779,1557,1.2958333333333334,354,9,1
5,21600,-4934.915,23.21736111111111,190,7.445514263755725,4.462350803902731,259233723.40821028,93642.1765158153,9807.32421144088,84040805.32477577,1584,1.273611111111111,350,2,4
6,25200,-7293.459883,29.81111111111111,190,9.004016087351546,3.6662734181297845,296234931.624022,108424.66218927558,9664.793382276752,96036391.95625341,1551,1.268888888888889,350,7,6
7,28800,-5475.635672,23.572569444444444,190,7.543259222248326,4.763277481680373,253950190.6477164,92125.07278453748,9703.319188971469,82327981.38430889,1558,1.2194444444444446,350,17,3
8,32400,-5067.272093,24.9125,190,7.156557557508992,4.139842115630515,266887579.86451602,97229.76535018007,9574.003895701171,86522203.06037617,1544,1.4722222222222223,348,13,10
9,36000,-4118.778659,23.416319444444444,190,6.386560182970425,4.505478367755226,257547563.3625943,93193.11313885754,9791.703759782371,83494187.99250236,1575,1.198611111111111,348,11,2
10,39600,-3529.901267,22.46840277777778,190,5.620666978193359,4.427686548913121,256676563.13274488,92699.0945789322,9810.532549934247,83211798.3003548,1583,1.075,351,6,1
11,43200,-5594.152624,28.11875,190,7.153145354026308,3.634550666868604,288485685.9311484,105356.86690991666,9675.70389552434,93524130.34225962,1555,1.381388888888889,340,0,0
12,46800,-537.102889,11.381597222222222,135,4.497739072255391,6.736222208091472,181971755.67336452,63660.69614838637,10052.91718037432,58993008.07738137,1615,1.2108333333333334,354,5,1
13,50400,-1848.834441,17.427777777777777,170,5.97669539638048,5.349347859202242,220203901.5865513,78410.54205752793,9934.9190873612,71387588.72598565,1591,1.2630555555555556,344,7,5
14,54000,-298.087804,13.404861111111112,115,4.449788130301093,6.147431862299072,196711646.01082993,69182.35408085835,10031.421529012303,63771553.76241509,1615,1.35,335,5,4
15,57600,-1283.833226,17.726041666666667,175,5.530695629077539,5.352986480660437,226150124.4469145,80424.739112763,10033.997320876744,73315279.5439299,1616,1.6155555555555556,318,2,0
16,61200,-3043.078292,22.528125,190,6.43846096013359,4.553832639165673,256821906.42945254,92321.27913370643,9931.13238969725,83258863.72308886,1599,1.3497222222222223,312,9,0
17,64800,-44.709374,10.88298611111111,95,4.312912879899714,6.992444045950641,176772503.94727212,61678.589366329645,10090.885434430187,57307449.26457304,1619,1.5558333333333334,326,11,3
18,68400,-63.746404,8.732291666666667,70,3.5406220744534687,7.5621813466778525,163424447.6120878,56614.6655442661,10056.026746225923,52980114.3268642,1627,1.3497222222222223,322,2,1
19,72000,-1530.145415,19.731597222222224,150,6.729065038380465,4.947726336849761,235086911.52386287,83819.18073286628,10035.217273031212,76212512.8445139,1619,1.5991666666666666,310,12,3
20,75600,-948.566083,16.59201388888889,160,6.136250887899628,5.621350574249575,212315256.35653368,75183.96662968508,10038.549321806735,68830124.55645698,1610,1.5530555555555556,312,4,4
21,79200,-744.90835,11.484027777777778,190,4.043070735636388,7.146568261462253,177766681.3923973,62443.27335907251,9951.701270981164,57629796.891760916,1590,1.3597222222222223,334,4,0
22,82800,-155.240123,10.188888888888888,100,3.6915585208025,7.045621255504364,174766827.0855122,60928.058180224834,10083.879627956703,56657228.256688535,1614,1.3688888888888888,330,1,2
23,86400,-1751.996753,19.165972222222223,165,6.446049056508968,5.156075594352812,232151268.73019928,82762.70074128604,10102.820987473195,75260813.8013478,1624,1.6830555555555555,318,13,6
24,90000,-765.748654,16.989930555555556,140,5.946471985027941,5.404307365202984,218335211.24679035,77459.23326619065,10063.041389487611,70781748.26457085,1615,1.5066666666666666,308,4,2
25,93600,-208.798829,14.383333333333333,120,5.463666664425714,5.940153759366189,199743495.36813617,70383.63538588557,10076.545796905055,64754456.973664835,1615,1.4669444444444444,300,14,4
26,97200,-348.301051,15.713541666666666,110,5.502045048027458,5.701643322877396,210244716.53997356,74327.25505178791,10119.22941641065,68158863.26203014,1618,1.6991666666666667,294,8,4
27,100800,-63.863325,10.397916666666667,80,4.014855655023059,7.008245129433611,175089512.4951743,60990.424832315635,10090.169734254789,56761829.763686895,1620,1.326111111111111,328,13,1
28,104400,-235.126854,13.894097222222221,100,5.0539889709021635,6.314777345551726,195605719.70377845,68784.59845524914,10080.025816133204,63413020.922302455,1613,1.7925,294,7,5
29,108000,-57.978658,9.921527777777778,90,3.7447925090339838,7.26836852793558,172178627.17040136,59905.63598592442,10069.592891172671,55818140.97539313,1626,1.6319444444444444,326,7,3
30,111600,-2650.95525,19.881944444444443,190,6.5920728163982005,5.268573455613534,236166087.0579816,84321.62196991239,10055.83129802356,76562389.89595518,1617,1.731111111111111,309,5,4
31,115200,-46.393809,10.264236111111112,75,4.156625850937028,7.09867718765986,173234661.30497643,60307.6606128696,10087.532521601037,56160501.30291065,1620,1.8275,302,7,2
32,118800,-1179.718727,18.979861111111113,155,6.012190602702833,5.397795977268598,230223351.72660816,82001.37429922598,10087.29576310256,74635790.71848403,1623,1.7505555555555556,286,9,6
33,122400,-262.557928,14.159027777777778,120,4.997073658732681,6.295780241142301,198288647.43200916,69789.18642905039,10077.985900628382,64282800.19385521,1615,1.8427777777777778,298,24,5
34,126000,-96.896347,11.639236111111112,80,4.349317099416536,6.771203923593338,182216204.98970488,63694.629776063724,10063.075357268212,59072244.956347,1621,1.6391666666666667,310,7,1
35,129600,-85.670939,14.211458333333333,90,5.279884427986168,6.208024351701534,197768557.93940485,69584.1540569498,10064.536080939208,64114188.330147386,1615,1.7747222222222223,282,6,2
36,133200,-214.112289,13.0875,95,4.626470869462659,6.4881027769987005,191381536.9200536,67202.79751702692,10092.92989062038,62043577.47091848,1611,1.6680555555555556,310,4,2
37,136800,-363.280745,12.55625,150,4.749781508598933,6.570174301189927,188617734.37908682,66196.3674802188,10057.146427604897,61147579.013121165,1620,1.7561111111111112,290,3,0
38,140400,-55.772363,10.547222222222222,85,4.121444199510741,7.145645405087958,174390198.74812824,60787.54555160878,10117.194528044582,56535121.65579527,1609,1.5455555555555556,309,3,3
39,144000,-51.411939,11.753125,90,4.543833764370644,6.71671783569085,182079774.67953104,63668.05519659331,10084.830305384789,59028015.58310628,1620,1.8725,295,6,6
40,147600,-67.062589,10.662847222222222,85,4.3701106238984595,6.957601518350297,175353682.5888431,61088.90854084582,10100.944423183999,56847471.55305013,1624,1.5486111111111112,310,6,3
41,151200,-37.22339,7.964236111111111,60,3.024521649129752,7.8405223847843795,158285536.43287194,54696.352709703,10062.39617592136,51314123.41422762,1611,1.5686111111111112,309,1,1
42,154800,-26.348993,10.847222222222221,80,4.023105832866424,6.9306141768713525,176977733.52405888,61759.13662621484,10065.859636035731,57373982.49557149,1610,1.5733333333333333,305,6,3
43,158400,-661.326545,14.447916666666666,130,5.1691006732445555,6.230443310512812,199537683.04357094,70413.54020636623,10025.388215891173,64687748.204961434,1603,1.636111111111111,288,7,2
44,162000,-106.623082,13.072222222222223,95,4.919472258230833,6.445381145277223,190385850.09252098,66823.36382303936,10112.979791047987,61720781.12389666,1624,1.6713888888888888,291,3,3
45,165600,-140.126918,11.655208333333333,110,4.327965186930578,6.909590644363485,181568233.80156088,63486.75086390692,10120.653476623127,58862185.662193045,1622,1.6197222222222223,302,8,2
46,169200,-25.685005,9.784375,100,3.456765919056299,7.289398305840129,171018511.69944513,59470.47604842935,10086.818954677532,55442046.59320642,1621,1.3991666666666667,312,2,0
47,172800,-385.870821,18.235069444444445,115,6.592598945790033,5.347309884544404,222815461.264784,79106.08431130547,10098.711894367785,72234200.0116002,1614,2.0925,278,11,2
48,176400,-6.937448,10.732986111111112,75,3.8383112389290286,6.960031126262845,177932093.65463126,62034.04343750224,10105.189722473031,57683368.57074958,1623,1.47,312,14,2
49,180000,-43.794193,12.097222222222221,90,4.411186707333862,6.9032595033399575,183407839.87599272,64188.50724751933,10080.066898632438,59458563.13561876,1628,1.4777777777777779,312,3,2
50,183600,-394.711959,15.906597222222222,125,5.2298017607234755,5.974429378436028,208919166.8881173,73965.01202992632,10071.127661772993,67729150.76618859,1601,1.825,282,7,3
51,187200,-63.235837,8.948263888888889,60,3.43842823346792,7.414705890087456,165185450.2092908,57232.342967324425,10073.152745398276,53551012.5435662,1620,1.4916666666666667,316,11,2
52,190800,-727.003039,14.940277777777778,150,5.347520578115856,6.16261244544724,201433126.5267244,71134.89794904226,9996.327863006958,65302233.50845489,1590,1.6347222222222222,298,6,4
53,194400,-41.350953,12.341666666666667,95,4.57770015384974,6.643135615047035,185595335.80428436,64993.66867228132,10083.154536471931,60167732.292316824,1630,1.7197222222222222,282,7,1
54,198000,-183.509802,12.60138888888889,130,4.54241505972018,6.661923447672296,188383467.7925841,66039.89570508905,10085.681968834739,61071628.49983731,1623,1.6711111111111112,294,8,2
55,201600,-6.927911,11.170833333333333,80,3.837474961386714,6.89852414932686,179580545.5962301,62708.688682092834,10088.67688930577,58217789.21714106,1624,1.535,306,3,3
56,205200,-270.686655,10.96875,90,4.297284416031202,7.016288122176411,177041629.59643364,61781.51263634849,10073.667542857616,57394698.221563175,1609,1.4730555555555556,320,6,3
57,208800,-164.990919,12.56076388888889,95,4.545178560356195,6.566271562671031,187776411.45275667,65790.08356215774,10057.931402814334,60874819.15137896,1619,1.466388888888889,314,9,5
58,212400,-53.117479,10.498611111111112,80,3.8092888408061683,7.143180526887449,174761079.5376139,60937.03625273281,10072.359253552917,56655358.715885006,1609,1.5972222222222223,314,4,3
59,216000,-51.107239,10.027430555555556,75,3.7433128580213944,7.118270471270024,172386941.28323668,60007.81044206517,10065.636673262077,55885681.05488063,1621,1.4122222222222223,327,6,1
60,219600,-185.177728,12.502083333333333,135,4.082458541432938,6.484415280916374,190027686.32821918,66626.30323058515,10074.899489370047,61604661.97931525,1619,1.4475,314,9,2
61,223200,-18.042597,10.090625,65,3.934780682564592,7.074142644971206,172182251.05035174,59909.332877800545,10085.71824092719,55819320.20023438,1614,1.363611111111111,314,9,3
62,226800,-49.325091,10.328125,70,3.6443347159565627,7.00050393255262,174778391.90162808,60864.62398753833,10087.707840677836,56660960.02374739,1624,1.3519444444444444,318,8,2
63,230400,-715.802085,14.469791666666667,165,5.103824557920782,6.538127426678814,198043321.04639155,69811.71388242491,10062.239711366536,64203281.28688083,1610,1.5325,314,3,1
64,234000,-134.098745,12.540625,100,4.55813177489709,6.433152955879002,187582753.83376503,65726.39513218334,10007.251170337513,60812036.61186017,1615,1.5025,306,1,0
65,237600,-26.903983,10.614930555555556,90,3.820096511662407,7.0293118598348086,175520396.0132413,61187.99922833691,10081.742224459136,56901520.99940091,1622,1.486388888888889,320,3,1
66,241200,-22.794861,12.42361111111111,80,4.204500658774883,6.460373577639032,188715543.29126987,66132.22685412693,10072.328331718123,61179272.09294322,1627,1.5397222222222222,303,13,4
67,244800,-74.270323,11.736805555555556,110,4.089857414422948,6.6884970240736425,184239323.254819,64460.153551116244,10084.085061320817,59728124.07043281,1620,1.6155555555555556,313,8,6
68,248400,-80.49089,12.240972222222222,100,4.149676057102879,6.59881312013172,187824258.92746904,65788.67977155017,10113.345118712743,60890329.53519795,1624,1.3447222222222222,310,7,3
69,252000,-2370.305965,23.669444444444444,190,6.462657985050344,4.624475455889246,261922278.31263644,94131.7799760891,9994.206456089427,84912348.11743477,1601,1.7266666666666666,288,13,7
70,255600,-21.021692,13.253819444444444,90,4.249170343973884,6.120559007339311,193818655.8804599,68022.91077746722,10085.737425437743,62833661.31259391,1623,1.7783333333333333,296,8,1
71,259200,-21.255177,9.168402777777779,75,2.970350554183928,7.448628179734072,167493432.59131235,58161.194530218985,10110.7302555469,54299250.97057279,1619,1.4727777777777777,326,8,4
72,262800,-10.709128,9.159375,75,2.9487133641809082,7.342285132089039,168719473.98893958,58554.433121772956,10066.219354995894,54696711.85175122,1623,1.3730555555555555,328,2,1
73,266400,-35.644611,12.465625,80,4.191309200113291,6.310468215244607,189128496.92768383,66324.07074094401,10070.768900847912,61313152.8432084,1611,1.6144444444444443,304,4,0
74,270000,-310.873712,13.718055555555555,130,4.2126713075272155,6.25886917942944,198964793.63194352,70040.03818829413,10078.133568202653,64501999.693311505,1620,1.5152777777777777,298,6,2
75,273600,-15.291287,9.978819444444444,75,3.4432259418842435,7.076656403782769,173095443.45045367,60221.07249605641,10118.959941571571,56115364.31216791,1615,1.456388888888889,324,5,0
76,277200,-136.40772,11.22673611111111,115,3.842967963407225,7.010619219820983,178620010.48413968,62437.09354229254,10028.172275629564,57906403.92271673,1595,1.5919444444444444,314,10,3
77,280800,-42.746366,12.420833333333333,95,4.071686126823822,6.481792417574111,187936146.72713104,65892.783504567,10091.055999217726,60926610.10047591,1615,1.4680555555555554,310,4,1
78,284400,-4.536223,11.294097222222222,80,3.7326009521083487,6.763486338411439,181691025.4412901,63453.34358247576,10089.4895401827,58901976.70290617,1619,1.5788888888888888,306,7,2
79,288000,-62.642484,14.047222222222222,95,4.779331517998218,6.085954326566332,197148335.389418,69370.14227886524,10050.162556755378,63913125.346799746,1613,1.5425,297,7,3
80,291600,-235.192294,16.9625,125,5.1667438416765235,5.463735498002345,217232462.34627822,76971.76890103683,10052.409225230575,70424229.21051861,1611,1.5558333333333334,276,4,2
81,295200,-103.936074,11.267013888888888,80,3.886004085004955,6.819610862349618,180425924.89210564,63041.62546809051,10082.15188327216,58491857.032506905,1619,1.6372222222222221,319,3,2
82,298800,-1157.480352,21.19097222222222,185,5.6681120539495,5.233418998959727,243522682.52544248,87144.19745183129,10034.098431193035,78947337.21146944,1601,1.97,283,3,3
83,302400,-160.926903,13.941666666666666,90,4.97756605113893,6.040469266130666,198133847.0138598,69673.66647025995,10092.774604921533,64232610.80392231,1618,1.7233333333333334,296,3,2
84,306000,-54.253355,11.161111111111111,85,3.6766565201351944,6.816453603611551,180071103.39525622,62843.07104352114,10065.301259353531,58376816.2988856,1626,1.5169444444444444,323,7,6
85,309600,-323.448759,16.630208333333332,125,5.298528258814751,5.702554066759714,215010448.10022426,76137.97016227392,10051.563814965928,69703874.74095587,1623,1.8297222222222222,294,11,4
86,313200,-141.395572,14.868402777777778,100,5.008504498761704,5.949137123844163,203474603.91214424,71779.57519495364,10066.031301027306,65964049.097204246,1614,1.9227777777777777,294,7,2
87,316800,-15.946596,10.122916666666667,80,3.526541657238041,7.124746797422661,173585082.1373198,60435.56271897294,10091.119177070585,56274105.75498089,1617,1.4680555555555554,314,2,1
88,320400,-60.524302,12.752083333333333,95,4.529664682801289,6.438427280705682,189245531.325867,66304.1465827298,10062.551019269427,61351090.39602066,1622,1.4058333333333333,302,7,4
89,324000,-69.148818,13.509375,100,4.662792795245801,6.36038283821041,193404297.67000914,67989.47862584365,10087.054806049196,62699337.77765817,1616,1.773611111111111,294,3,2
90,327600,-77.034734,10.88263888888889,75,3.7054633946345983,6.947938429869338,178439389.02279705,62261.92728527097,10098.98844353243,57847831.12848647,1615,1.5002777777777778,316,6,2
91,331200,-18.415795,8.69513888888889,70,3.1954056811405342,7.562739788328161,164236945.5040961,56901.35515968896,10093.174316561941,53243518.55574826,1626,1.3766666666666667,330,5,0
92,334800,-245.33317,14.060416666666667,115,5.008949332530912,6.1183449598196855,196900071.3465467,69297.44706865642,10080.482318995466,63832640.20274328,1610,1.6283333333333334,296,4,2
93,338400,-281.601846,14.170486111111112,95,5.147631838033079,6.045053316380496,199748495.9409469,70323.41267780616,10073.383629173233,64756068.60070352,1621,1.798888888888889,296,4,3
94,342000,-123.504466,12.807986111111111,95,4.644817448504301,6.401794538727177,189958595.53489846,66653.76174443227,10068.910670713905,61582265.80835599,1610,1.5005555555555556,302,13,1
95,345600,-272.216223,18.921875,115,6.343327210614195,5.405191327356841,226869796.87468165,80611.71935704374,10062.84138378115,73548577.72481267,1628,1.8822222222222222,282,8,1
96,349200,-15.750997,9.489930555555556,85,3.4567710217676724,7.423910231439018,168542232.815148,58560.41054251432,10107.742138226715,54639259.533746555,1621,1.6852777777777779,314,3,3
97,352800,-1.689984,10.973263888888889,75,3.8431074473939244,6.9775425900700085,178209455.23073772,62157.32784611368,10062.363379865536,57773284.892396,1628,1.4252777777777779,312,11,3
98,356400,-72.945437,14.936458333333333,95,5.2610519728630125,6.116187460527508,201374809.51450253,71007.14795970682,10121.44446508911,65283314.572928146,1616,1.6327777777777779,282,5,0
99,360000,-40.743009,10.129861111111111,70,3.713863079623805,7.253115327657696,172376204.08773446,59989.35844307969,10093.380117064344,55882198.82422022,1624,1.8075,310,8,5
100,363600,-18.345519,10.962847222222223,85,4.038247394964292,6.9919148608931225,177615180.61373276,61948.313669876414,10089.463760294313,57580631.75277887,1617,1.886388888888889,302,5,1
101,367200,-27.597524,8.268402777777778,65,3.1858916821327687,7.77040993036193,160593985.39287066,55579.43546285169,10098.03483089188,52062504.84037194,1615,1.5747222222222221,320,3,1
102,370800,-74.194157,13.485416666666667,100,4.539083330029057,6.294428686647406,195038801.49238992,68496.45098849306,10111.344886540805,63229215.270614356,1620,1.8283333333333334,300,5,0
103,374400,-76.529391,9.369791666666666,80,3.469442724228173,7.419332344572304,168187157.29782504,58403.05822994918,10081.588179695424,54524146.116135806,1618,1.4266666666666667,326,8,4
104,378000,-116.904347,13.176388888888889,95,4.913305280441697,6.394993611265904,191425491.50851485,67173.42593199789,10106.838465082072,62057819.3928805,1621,1.6133333333333333,298,6,0
105,381600,-104.495098,14.098958333333334,120,4.3421420906770205,6.340843615561773,198985211.93852127,70029.87483590966,10097.391334547465,64508618.21705016,1622,1.5022222222222221,314,9,1
106,385200,-33.946392,10.440625,80,3.7911863819987346,7.124348685168877,174674156.24007297,60873.75763460924,10092.655782085098,56627180.72378855,1618,1.5091666666666668,322,4,1
107,388800,-104.40093,12.401041666666666,110,4.09354654137039,6.608705172066621,188033890.02099228,65874.81739332943,10072.401458808006,60958287.02722915,1628,1.446388888888889,304,1,0
108,392400,-444.545,14.724652777777777,135,4.848614353513515,6.154166298393961,202665460.93275493,71484.24005212993,10073.679502708252,65701731.42356548,1612,1.5825,306,9,3
109,396000,-114.097662,10.865277777777777,105,4.064606174048412,7.092234212460482,176046343.71280235,61436.183639773735,10063.122320466808,57072035.7964704,1601,1.5108333333333333,316,9,3
110,399600,-97.271666,12.83576388888889,115,4.313647566710078,6.555158369515247,190127304.8251387,66676.09027433745,10076.595375809171,61636957.699948624,1618,1.6552777777777778,302,5,2
111,403200,-286.45539,13.210069444444445,135,4.313312795409459,6.387412692826847,193157908.77479398,67839.24148693036,10106.555153363748,62619461.57902591,1620,1.678611111111111,298,14,5
112,406800,-29.527858,9.372569444444444,90,3.3178401110876767,7.482753452346552,167763789.70605457,58270.41307175692,10065.618580852592,54386892.33799985,1610,1.363611111111111,332,3,3
113,410400,-22.19616,9.985069444444445,70,3.4632251072957136,7.142034349946153,172225523.63169122,59943.193329842645,10081.214003155086,55833351.37247295,1613,1.5327777777777778,322,4,3
114,414000,-230.800088,15.09548611111111,115,4.892850486853954,6.097853824542927,204523711.03012213,72127.36145256265,10098.600714902332,66304154.23513332,1626,1.7827777777777778,296,5,3
115,417600,-22.382288,10.563888888888888,70,3.5647374590634326,7.095661724365699,175968664.49123508,61336.051700036325,10083.715139390297,57046840.10080333,1615,1.5983333333333334,324,7,3
116,421200,-35.191181,10.234027777777778,95,3.682759227437154,7.081894381248619,174012301.09747857,60597.70145029217,10112.108469436189,56412605.2845507,1620,1.535,318,8,4
117,424800,-37.74345,12.824652777777779,90,4.218567450878407,6.3868000084285494,189831230.8660642,66592.28973756966,10072.203986082593,61540976.51845677,1619,1.416111111111111,298,6,2
118,428400,-576.356083,19.480208333333334,155,5.317294343601748,5.074047344607455,237170208.76693976,84436.43727471166,10049.349959370973,76887880.86523573,1623,1.6952777777777779,280,16,4
119,432000,-1507.475798,20.6125,180,6.1380357570704005,5.076424425316277,240472701.95652634,85921.9798318462,10038.052637078403,77958553.16551015,1609,1.9897222222222222,272,5,1
120,435600,-54.907362,13.671527777777778,85,4.34266332391286,6.085625645630112,197175350.87434238,69332.54105760905,10068.63404297913,63921876.95000759,1612,1.5566666666666666,306,4,4
121,439200,-82.75712,14.580555555555556,100,4.598991768290195,5.799381731439553,203373263.5834819,71643.95161660135,10080.8150412429,65931184.73586035,1618,1.6497222222222223,292,2,2
122,442800,-20.784906,11.54861111111111,80,3.698800018596721,6.693265495477764,183573375.1459061,64177.57620912457,10094.401152631472,59512224.72286083,1619,1.4958333333333333,309,6,1
123,446400,-628.474282,18.73090277777778,130,5.3472279679272905,5.06846345742356,231967067.5913533,82513.73586342843,10057.538365019715,75201072.20111918,1605,1.4783333333333333,284,16,5
124,450000,-24.559638,11.272916666666667,90,3.8386924581190294,6.7571930171389925,181454664.78445083,63389.0277246448,10095.090355849348,58825354.55441031,1616,1.4288888888888889,316,6,3
125,453600,-373.513423,16.01597222222222,125,4.947826473477898,5.683832196404117,212013241.78984264,75046.79788081945,10061.53344555007,68732212.29596859,1605,1.5744444444444445,292,6,5
126,457200,-210.229764,15.067361111111111,105,4.583253253136845,5.7970740894481345,205962469.85001993,72704.65930587365,10085.213912289499,66770594.43122232,1619,1.7491666666666668,294,10,8
127,460800,-17.567009,10.84375,75,3.3635569197117294,6.808968071148422,179881601.56033775,62797.956895892356,10091.864331863153,58315380.49557985,1620,1.388611111111111,322,2,1
128,464400,-2713.072356,23.372916666666665,190,6.883027781981996,4.516019037050086,259724510.45031834,93380.55859560077,9987.676269236308,84199855.33375257,1596,1.7505555555555556,278,6,3
129,468000,-312.72037,11.335069444444445,110,3.9316680869425213,6.890061992241364,180719636.6136262,63108.13396554583,10049.265706019542,58587069.879476964,1625,1.5425,324,4,1
130,471600,-61.999176,10.396875,95,3.426032637316438,7.079452226993701,175624610.1920206,61212.23112632257,10063.358449014422,56935307.72290348,1618,1.508888888888889,319,5,0
131,475200,-107.359982,14.011805555555556,100,4.5033300813626,6.127450987466589,199015432.26627845,70059.87189084054,10040.842661358867,64518422.029210314,1615,1.5013888888888889,326,9,7
132,478800,-437.313176,15.32013888888889,155,4.470356564521539,5.826231963085219,209357801.074776,73993.35834192042,10043.108321075368,67871332.2004692,1615,1.69,302,9,1
133,482400,-369.947194,17.16701388888889,120,5.561967209988019,5.537929900640104,217204518.64368826,76992.44349817361,10051.43267242586,70415179.07782954,1607,1.836111111111111,286,9,7
134,486000,-151.99642,13.399652777777778,95,4.790446162137444,6.320795370385138,193400670.62278518,67919.349802703,10067.226021208975,62698160.92433244,1626,1.6847222222222222,301,1,0
135,489600,-195.483095,12.910069444444444,100,4.573449200257047,6.397897905597412,190314420.31475973,66754.61720852423,10075.617216630284,61697620.536464274,1620,1.476388888888889,304,3,3
136,493200,-382.390387,17.454166666666666,125,5.421935403859328,5.5175910383752464,219223011.58819553,77768.62983373553,10058.963745650835,71069557.3432628,1609,1.84,292,3,3
137,496800,-38.431004,10.914583333333333,75,4.0387998701721415,6.874705532814561,177742636.36138684,61977.46021314718,10099.267231898215,57621948.4656035,1620,1.4405555555555556,306,13,1
138,500400,-80.920998,10.840277777777779,80,3.8027190273063614,6.923305346979242,178335436.76665533,62201.6619144525,10089.198572451993,57814127.892802864,1619,1.3977777777777778,325,5,3
139,504000,-10.83534,9.564583333333333,65,3.1908689349160833,7.173029301959957,170512625.66168708,59241.98018981116,10097.366034238812,55278036.10044783,1624,1.2425,322,5,3
140,507600,-231.992226,13.903819444444444,100,4.599012439294396,6.269848520232218,197510536.04677868,69473.98257427054,10092.140607492734,64030539.95673519,1627,1.4805555555555556,298,13,3
141,511200,-21.848969,11.183680555555556,95,3.847242845107093,6.817715573363401,180358828.17136067,62986.95384894466,10124.37926327542,58470096.47997439,1630,1.653888888888889,308,8,4
142,514800,-353.757888,18.151041666666668,110,5.4669833010607825,5.34077429514394,224242032.07345772,79686.31903528613,10050.252748098017,72696685.27873285,1607,1.4866666666666666,290,7,2
143,518400,-106.286,10.821875,85,4.131750786912164,6.9149967447207334,176732321.00827873,61668.470664500404,10076.166271039194,57294418.80465937,1617,1.6033333333333333,310,2,0
144,522000,-90.697618,10.80625,80,3.946113553598338,6.880321745579781,178128614.1903479,62161.4333797463,10104.997434410245,57747086.10687432,1621,1.3747222222222222,322,11,2
145,525600,-274.591202,15.753819444444444,115,5.086991131749989,5.71622673526125,208983512.74468088,73938.50795176858,10037.975007488985,67750001.9910376,1593,1.8983333333333334,288,8,1
146,529200,-432.600375,16.71840277777778,125,4.7001694671397525,5.341568533332462,220134430.90480506,78034.98614454737,10049.109819582618,71365025.08967492,1612,1.4325,294,5,2
147,532800,-602.567272,17.852083333333333,135,5.427417481235233,5.378417598477149,224118969.87577367,79526.8291222768,10006.18570633238,72656780.20315444,1608,1.7766666666666666,289,5,5
148,536400,-280.151719,14.710416666666667,120,4.475074151667402,5.890555664750544,204128983.99648568,71963.27132523445,10067.85452860162,66176187.177646376,1621,1.6222222222222222,294,4,1
149,540000,-3.8176,8.203819444444445,65,2.877057345118881,7.712189677741322,161473526.9954139,55851.31336618365,10104.547237853065,52347636.85621678,1625,1.3586111111111112,334,8,2
150,543600,-33.644496,10.492708333333333,90,3.7572592349890317,7.060995221142132,174928403.3308979,60956.6032041598,10062.737376357934,56709599.79255578,1627,1.3005555555555555,314,8,5
151,547200,-1369.134455,22.767708333333335,150,6.713572238244769,4.499519392648228,254356420.40915787,91097.36753947611,10042.354827657315,82459531.55722052,1599,1.785,264,12,6
152,550800,-130.430288,8.97048611111111,85,3.255719780741641,7.498924627579644,165256698.27149665,57327.18467312672,10073.097494393294,53574116.58515699,1602,1.3319444444444444,324,5,2
153,554400,-1.918433,11.30486111111111,85,3.5947980927813608,6.781721995320105,182251260.45847702,63672.27481586417,10092.205424930578,59083608.189101964,1628,1.4544444444444444,312,6,1
154,558000,-7.025919,9.911111111111111,65,3.243062269427583,7.077392132559851,173512965.28759983,60373.72492811426,10050.626695987292,56250722.477879524,1621,1.4608333333333334,334,8,4
155,561600,-50.09089,10.551736111111111,85,3.7107530925319514,7.002175179181633,176508233.0616825,61523.61310172097,10057.902021177408,57221769.25855669,1613,1.291388888888889,314,4,2
156,565200,-77.071602,13.432638888888889,100,4.3273043735748775,6.1504664119554056,194906951.94741154,68464.08221165859,10065.027363006844,63186482.46146211,1615,1.7269444444444444,294,6,3
157,568800,-132.158791,13.125347222222222,120,4.2935332908927455,6.327846582576536,193012626.10777932,67803.32022806769,10073.907164237791,62572361.056022674,1613,1.8116666666666668,287,2,2
158,572400,-106.256201,12.960069444444445,110,4.379333915693813,6.304678643687655,191897268.74890882,67386.58629556649,10082.699757277136,62210772.76316335,1607,1.4266666666666667,294,7,1
159,576000,-14.317046,9.635069444444444,70,3.3328496528134943,7.187114230818621,171209589.46403253,59489.620558837196,10079.828694999993,55503988.46730296,1625,1.3697222222222223,320,1,1
160,579600,-432.525207,15.778472222222222,135,4.841804392762616,5.6292963978391315,211570123.20321333,74775.67699384189,10089.962144389177,68588546.31343126,1626,1.5666666666666667,288,5,1
161,583200,-553.135599,14.764583333333333,120,5.111387583341963,6.1138825716430425,201718637.75047028,71208.4348707106,10009.771742380795,65394788.38946812,1590,1.5541666666666667,306,12,6
162,586800,-582.296468,19.962847222222223,135,5.787995649755671,4.948986398007976,235274155.2077299,83870.02905656263,10014.687320973608,76273214.2630676,1580,1.8866666666666667,266,5,2
163,590400,-10.66427,10.937152777777778,75,3.9716220057118705,6.99119062590241,177384132.5727277,61850.92660195203,10120.228147728303,57505727.410104856,1631,1.4008333333333334,318,7,4
164,594000,-603.384392,17.801388888888887,135,5.291721607608784,5.336531157160225,225367357.3223886,80010.5054552525,10077.46909573413,73061496.28291553,1613,1.5608333333333333,286,9,3
165,597600,-837.934164,22.833333333333332,140,6.27719081817032,4.614419057783238,254080950.09235945,91033.39817443318,10103.942849417868,82370231.60249561,1606,2.1144444444444446,277,12,6
166,601200,-276.829392,17.532291666666666,125,5.244717266250344,5.451447340506484,220516302.51337063,78194.0502514145,10057.915180529279,71488824.9603386,1615,1.6536111111111111,290,11,4
167,604800,-253.412082,11.962152777777778,110,3.6246216638020066,6.789089152471439,186873687.2026539,65466.5435619977,10092.07621917512,60582162.78758051,1619,1.618611111111111,324,12,1
168,608400,-480.192979,19.898611111111112,145,6.037987734862825,5.142251951753791,234122573.0387537,83408.49192882988,10046.320133371131,75899878.57951342,1611,1.5963888888888889,274,4,4
169,612000,-53.849062,13.517708333333333,95,4.38092526227972,6.165265802874445,195309670.42759055,68632.5642172488,10062.03082830625,63317039.414563574,1620,1.6766666666666667,302,7,3
170,615600,-35.167089,9.161111111111111,65,3.2126185375295115,7.388805528147995,167550483.77866408,58155.3384219324,10077.460086269337,54317735.1513952,1621,1.356111111111111,332,5,3
171,619200,-9.78027,11.128472222222221,80,3.9335365416328822,6.749113818960437,179605550.09447566,62739.88959866517,10068.924537321254,58225895.50027443,1611,1.4458333333333333,310,6,4
172,622800,-30.16225,11.78298611111111,85,4.038432404801064,6.691042043168858,183625583.8623255,64259.057609313444,10049.510498858424,59529157.69975966,1610,1.3980555555555556,310,13,2
173,626400,-230.469819,12.760416666666666,125,4.039212044117293,6.697707943899292,191177512.99342924,67075.8990358481,10071.547610127405,61977430.94845231,1620,1.5858333333333334,312,9,2
174,630000,-187.978074,13.82638888888889,115,4.3641801394495126,6.2669970005732045,197408418.32331192,69404.37276175525,10053.120917960434,63997434.98967636,1608,1.7997222222222222,302,3,2
175,633600,-578.100956,21.002083333333335,140,6.0624793977027505,4.754390680138636,244044609.48854327,87092.38650379886,10060.671164985662,79116513.29653347,1613,2.0519444444444446,264,7,4
176,637200,-278.286033,14.303472222222222,105,4.696186135834073,6.069881241099408,200765104.9524528,70693.74880808342,10078.738184087253,65085645.31668094,1620,1.5005555555555556,292,8,3
177,640800,-1.994777,9.300694444444444,65,3.380919569302207,7.377555318300028,168059296.64724678,58346.69796413492,10136.701272795231,54482693.85557921,1618,1.4172222222222222,320,7,3
178,644400,-491.437136,13.231944444444444,115,4.941039799455484,6.563523892700814,190488084.28015462,66929.59876906128,10044.48345870551,61753933.936416596,1601,1.5230555555555556,302,8,3
179,648000,-48.404011,11.666319444444444,100,4.172218578957195,6.7477530231690075,182137375.0065952,63702.61030351212,10095.712445361749,59046693.095708445,1604,1.5611111111111111,298,1,0
180,651600,-10.545676,9.203472222222222,80,3.475255986451461,7.385837509562864,166794527.7909624,57919.61702208471,10065.43523623211,54072668.9325495,1617,1.3455555555555556,308,6,0
181,655200,-593.301539,16.925694444444446,140,5.402761871040135,5.956950569248507,211612342.09921035,75140.47345608202,9996.647149327473,68602270.89907134,1572,2.1152777777777776,280,0,0
182,658800,-36.789159,10.113194444444444,85,3.576695730380915,7.170357118572624,173138762.48432696,60239.88296576204,10068.7591428041,56129410.30217166,1620,1.321388888888889,318,2,1
183,662400,-199.198608,14.485416666666667,115,4.570324908707056,6.06069308805411,201720726.4373454,71069.00337063288,10118.55495920943,65395453.623217165,1620,1.6769444444444443,306,9,5
184,666000,-543.7977,16.093055555555555,125,5.395279321349341,5.696222723551287,211748687.0618766,74885.47830623711,10079.30339086421,68646438.7073696,1612,1.6397222222222223,294,9,4
185,669600,-28.610883,8.965625,60,3.282814502783663,7.496055730214001,165355299.00388542,57326.63138530327,10107.070356257484,53606080.10722174,1627,1.3705555555555555,319,3,1
186,673200,-598.651744,22.616319444444443,180,6.053429454368379,5.14918423728273,251713901.8933321,90095.36574490742,10018.524340800144,81602842.27098677,1598,1.7786111111111111,278,12,4
187,676800,-181.216121,14.229513888888889,115,4.457928730493239,6.290864312450574,198327879.54463315,69878.72117479486,10096.01812289545,64295525.17380433,1611,1.5652777777777778,302,0,0
188,680400,-9.138438,9.050694444444444,65,3.2277858632182146,7.436778771507654,166099409.63788623,57609.826873343154,10076.612292111346,53847309.61996697,1621,1.4119444444444444,322,14,5
189,684000,-63.193336,13.34201388888889,85,4.422442133217812,6.423457448100186,192438784.23624066,67607.45608958173,10056.256826582407,62386330.94493762,1606,1.3913888888888888,292,5,4
190,687600,-19.803315,10.833680555555556,85,4.001304063668043,6.898040625995704,176882816.37626523,61728.06483340976,10094.862171722812,57343210.886440866,1620,1.6236111111111111,315,1,1
191,691200,-421.541098,13.509027777777778,115,4.637873803574277,6.512106521580938,194278045.87437814,68236.84922849304,10083.43190439398,62982595.40467024,1618,1.5341666666666667,300,3,1
192,694800,-982.986041,16.872916666666665,185,5.441370156120484,5.88880430556365,214381559.10775667,76092.62086551687,10009.076381813837,69500017.27911238,1603,1.6177777777777778,284,5,0
193,698400,-6.93929,8.90451388888889,80,3.11355285289951,7.491252219441239,165079753.72850877,57249.58937741266,10087.097792719465,53516750.51516259,1615,1.3719444444444444,326,5,2
194,702000,-3.944224,8.702430555555555,65,3.1084433996154375,7.541032756365902,164268558.29339877,56892.44934972371,10091.316456163917,53253761.72610399,1628,1.4991666666666668,318,5,1
195,705600,-679.72071,21.00138888888889,140,6.174640387710645,4.9817885917148885,242301134.77548814,86551.56345240316,10046.644614905326,78551306.55413145,1603,1.7838888888888889,274,10,7
196,709200,-8.355264,8.185416666666667,70,2.9246435581619026,7.697399137140822,160638394.63382712,55570.634967801656,10086.758801645687,52076897.97155376,1611,1.4030555555555555,322,6,3
197,712800,-35.150698,9.158333333333333,65,3.3426874583468504,7.459340861080014,167196276.4079442,58022.59856890552,10101.89408815403,54202908.84035896,1626,1.4480555555555557,326,5,2
198,716400,-181.490678,13.985069444444445,110,4.649372796806207,6.420665064525712,197751050.61101156,69564.43556345272,10103.856998004107,64108512.353791945,1618,1.7191666666666667,296,10,4
199,720000,-28.45296,12.908333333333333,115,4.239574715315375,6.575829079217754,189976868.9468613,66666.13755720078,10079.77437893509,61588193.76592282,1620,1.505,306,9,1
200,723600,-241.545396,14.516666666666667,120,4.815730418307056,6.080749969213331,202061007.20689148,71211.35162063432,10090.850019666366,65505773.671838745,1616,1.7466666666666666,298,9,3
201,727200,-15.964843,9.839930555555556,90,3.2508648703683565,7.122831937404641,172318971.8927737,59964.51506313333,10103.655873336023,55863645.707710326,1628,1.2763888888888888,316,9,4
202,730800,-5.114601,8.355902777777779,70,2.9254347064508055,7.650663423323404,162182777.6528396,56123.614850466125,10091.847100037601,52577571.491355106,1630,1.206388888888889,334,11,1
203,734400,-5.514985,8.832986111111111,75,2.9856787850475905,7.458894809016294,165747536.93572176,57487.50500823319,10103.644657717523,53733239.423354715,1618,1.2855555555555556,338,3,1
204,738000,-79.536581,9.856597222222222,70,3.4726765221897624,7.191929540847161,171022301.01417106,59503.18525399515,10073.843693485403,55443277.97856249,1616,1.43,320,12,4
205,741600,-2.721513,8.248611111111112,65,2.8127638184819372,7.66330065575659,161494282.31853792,55840.93200017363,10082.972111717758,52354367.90779871,1625,1.3152777777777778,338,2,2
206,745200,-3.383571,7.897569444444445,50,2.681105312913344,7.722069830480115,159655697.92214927,55127.81265357696,10080.041540442955,51758309.74110958,1624,1.176388888888889,338,5,1
207,748800,-80.139321,10.752777777777778,90,4.02234064177362,6.9886235623833395,176495279.09973222,61554.15788563392,10082.765984241716,57217573.7655399,1622,1.4905555555555556,310,3,0
208,752400,-124.166294,11.207638888888889,110,3.6807481127632853,6.944513602255076,179675668.92334446,62830.350451792234,10089.583915135187,58248633.63014336,1614,1.5552777777777778,306,8,1
209,756000,-41.478403,12.369444444444444,90,4.079792390514999,6.596931432901517,187913017.02113634,65884.48403429249,10086.870716691104,60919112.22131209,1611,1.5666666666666667,300,16,2
210,759600,-6.402841,10.53923611111111,70,3.855923804951493,7.030631667634212,175121857.7748871,60994.65927918092,10120.416115942226,56772314.365254566,1622,1.3280555555555555,308,2,1
211,763200,-23.786524,9.772916666666667,65,3.525789386358507,7.232919447729753,170546054.23006058,59296.62975774752,10101.983459154346,55288879.93799068,1619,1.5955555555555556,306,3,3
212,766800,-47.926468,11.829513888888888,105,4.13523759465528,6.656228335472975,184516130.56785086,64558.15485307289,10078.809058019859,59817858.29029738,1622,1.6416666666666666,294,4,0
213,770400,-10.379529,11.410763888888889,85,3.9726324982132217,6.828447908647658,181005551.6646828,63224.46296090865,10104.00251388583,58679763.069667466,1623,1.4172222222222222,302,9,3
214,774000,-55.437967,10.765625,85,3.7149486655189636,6.987905650552142,177763926.7178023,61977.734904784134,10108.977158107844,57628847.93567089,1625,1.4727777777777777,310,9,1
215,777600,-120.945435,12.844444444444445,110,4.29271446002092,6.499457266825737,190094443.2965721,66683.44953698675,10081.894473383056,61626303.344132535,1621,1.7677777777777777,304,1,1
216,781200,-122.869563,11.901388888888889,110,4.185286401877607,6.8882762647510525,182721416.0776712,63970.75043256559,10038.39751902924,59236042.618100435,1606,1.481111111111111,310,9,1
217,784800,-1383.915673,19.148263888888888,165,5.807020824014463,5.688896762942985,229746899.52945268,81782.52203043982,10037.69710384306,74481320.87159619,1601,2.077777777777778,286,5,4
218,788400,-15.420532,9.603125,65,3.5679202473540106,7.273562775584358,169583220.47259098,58939.24458181151,10080.315862659572,54976734.09642182,1625,1.5230555555555556,312,1,0
219,792000,-15.407146,8.841666666666667,60,3.1327612376241545,7.555189426747731,165157508.174713,57271.39101452088,10126.366753030947,53541955.84715204,1622,1.4758333333333333,316,0,0
220,795600,-17.849454,8.099652777777777,60,2.9659267374714244,7.754274744201783,160266744.11864233,55436.71774345223,10099.997226570624,51956413.72073056,1619,1.426388888888889,322,16,6
221,799200,-59.648016,10.871875,100,3.8416826891645615,7.082295910532638,177177854.8015756,61803.634954497,10069.91542211995,57438854.56652437,1629,1.4744444444444444,306,7,4
222,802800,-223.832833,13.285416666666666,115,4.256182689980648,6.671715792006832,193054363.37297922,67809.53781725213,10080.862156300147,62585890.15681706,1628,1.6263888888888889,295,8,1
223,806400,-2.924501,9.790277777777778,65,3.418980337265018,7.215903087910103,170423650.4270956,59236.03658679903,10093.948677364862,55249193.39805639,1619,1.3894444444444445,322,7,3
224,810000,-147.303742,11.55,115,4.166819695090705,6.883115957199063,182193285.44061673,63778.40443248035,10098.119701827824,59064823.163758844,1625,1.5141666666666667,302,7,2
225,813600,-116.072007,10.296875,100,3.7112942602391974,7.1341463226802535,174327180.96515483,60710.110436883086,10096.441803233038,56514686.534621,1619,1.273611111111111,328,18,4
226,817200,-66.100697,10.249305555555555,80,3.663304255252556,7.119324122475757,173413807.33327323,60370.08657839552,10086.943602296062,56218578.69078425,1619,1.433888888888889,318,10,1
227,820800,-186.154034,13.604166666666666,100,4.748984075814914,6.197766579228382,196061133.78483427,68902.10242177988,10128.18137908477,63560655.45708463,1622,1.8358333333333334,292,7,2
228,824400,-13.509547,9.441319444444444,75,3.4037823031850696,7.338320325741602,168562644.49276218,58563.84442099098,10093.828875768002,54645875.07147523,1621,1.5452777777777778,314,9,0
229,828000,-122.491713,13.970138888888888,125,4.531960720158279,6.108856609159918,198041259.51962182,69674.20190490085,10059.405567134745,64202595.7987559,1614,1.5197222222222222,298,10,3
230,831600,-299.011326,14.329513888888888,115,4.831987184714855,6.254167535268333,200265589.89696556,70569.59958300478,10073.629109700596,64923717.37163919,1624,1.823888888888889,296,9,1
231,835200,-12.551842,8.886458333333334,60,3.063108094959984,7.397361001434155,165849019.00963348,57503.15420998072,10065.79673370577,53766137.07030867,1620,1.5316666666666667,315,8,4
232,838800,-2053.91102,21.51736111111111,170,6.680428098962193,4.753779120786354,249613004.95330578,89314.66428354454,10050.520944798434,80921757.6222668,1610,2.1,306,4,5
233,842400,-43.432576,11.994791666666666,70,4.3326890524740564,6.592359469699784,184387353.13837653,64540.028741644855,10090.196377271495,59776114.79002082,1617,1.4783333333333333,306,7,4
234,846000,-1845.330221,21.118402777777778,190,6.07786104229604,5.203625538001195,239826983.21053493,86006.762186743,9931.851995592217,77749257.62275311,1569,1.9605555555555556,294,7,2
235,849600,-354.039666,16.293055555555554,140,5.189893399339544,5.98056734567002,211983213.17266613,74949.82979808388,10046.137573630915,68722462.21118242,1624,1.5872222222222223,296,11,4
236,853200,-115.092251,13.782291666666667,100,4.514710670521128,6.135828440492466,198288471.56633824,69748.50602834737,10097.435183981423,64282740.13520467,1618,1.5911111111111111,298,9,2
237,856800,-260.99301,14.991666666666667,115,4.890568519352682,5.796165810382147,204813186.32518172,72302.48087475242,10069.198565082372,66398008.07362099,1610,1.6180555555555556,284,1,0
238,860400,-1390.558658,21.703819444444445,155,5.872956175500086,4.893480306889949,250154680.65322953,89402.26921692403,10058.351163275387,81097347.97575064,1615,1.728611111111111,282,5,1
239,864000,-38.461088,9.746180555555556,95,3.2415139944554787,7.220449469193872,171710504.54678595,59711.696480533574,10094.390708062754,55666379.064219825,1626,1.3755555555555556,316,7,3
240,867600,-745.848547,16.993402777777778,160,4.966541088265476,5.66210485489003,218281582.92182678,77453.92102207826,10053.383193670335,70764361.54906291,1607,1.5841666666666667,284,3,3
241,871200,-1815.825692,27.29513888888889,190,7.367711426050159,4.243832649893069,280581293.2675158,101047.87414985185,10038.681213819329,90961425.73270546,1621,2.049722222222222,258,8,5
242,874800,-143.335387,11.606944444444444,95,4.186607429671437,6.844563250710968,182568431.4255383,63815.59690948956,10099.617468161887,59186430.58539652,1628,1.5522222222222222,311,4,3
243,878400,-112.71915,12.438194444444445,90,4.314684127867144,6.541369645188613,187965902.2354457,65875.29125030644,10095.440349035045,60936251.858373955,1627,1.6236111111111111,313,10,2
244,882000,-46.279556,10.165972222222223,90,3.381566521205219,7.219341324009645,173361358.62040845,60356.3922239183,10089.233276366067,56201575.745460056,1626,1.4594444444444445,320,8,6
245,885600,-6.654093,10.676041666666666,85,3.4749876710916308,7.17496717660908,177104492.1969043,61777.81361829671,10114.647832291288,57415069.68722229,1623,1.2977777777777777,326,19,4
246,889200,-8.355297,11.241319444444445,80,3.6085311988460913,6.662911085327715,182056774.42109877,63585.94386332133,10114.558456421986,59020554.58673966,1628,1.3975,329,3,2
247,892800,-132.718921,13.42986111111111,85,4.475954410789614,6.114974520684992,195132809.91658437,68512.39189565316,10059.536610106397,63259693.344684646,1618,1.5930555555555554,304,9,5
248,896400,-160.49156,13.915972222222223,110,4.382094666848057,6.285087264344681,197451253.06923586,69516.48211201705,10057.806408581215,64011329.819150686,1606,1.69,308,6,4
249,900000,-361.153179,12.014236111111112,130,3.894571595566706,6.873595710429224,184444642.4897672,64734.85297968515,10005.211091433051,59794708.817513555,1599,1.5119444444444445,314,2,0
250,903600,-25.665623,8.892708333333333,70,2.980025350574097,7.424947263533215,166749390.81935954,57807.059704616666,10089.913124401619,54058025.65589256,1632,1.3869444444444445,338,16,4
251,907200,-95.296522,14.213541666666666,110,4.464261557636708,6.092106817312429,200668815.08216885,70652.17226222824,10098.766769828508,65054428.72097559,1622,1.4475,314,9,2
252,910800,-654.200351,17.745833333333334,140,5.550150226707657,5.470611324260159,222219379.6601896,78905.94357641786,10050.92423304285,72040958.02696511,1611,1.8102777777777779,282,4,2
253,914400,-189.798086,14.539930555555555,130,4.334553966997601,6.005675578229998,203159808.47141895,71545.04571590535,10092.58010818531,65861985.45934417,1619,1.6658333333333333,300,6,3
254,918000,-311.694649,11.101041666666667,110,4.001728645756565,7.044961098735303,179663438.8296231,62740.76345672708,10096.20062976386,58244661.93777169,1627,1.4458333333333333,309,1,1
255,921600,-82.409937,14.014236111111112,105,4.499335563486643,6.210935913894564,198236827.1193974,69731.17298101017,10081.405479302704,64265995.43996055,1626,1.8058333333333334,298,10,6
256,925200,-108.387442,11.450347222222222,90,3.7479070007208946,6.777947558106115,182627326.00644988,63894.47809556713,10081.299727595,59205531.622214645,1612,1.5219444444444445,317,8,2
257,928800,-8.90786,9.721527777777778,75,3.325055328788964,7.285415327435671,169810158.1085193,59060.945526686875,10069.238265397169,55050310.229629606,1610,1.4475,318,7,6
258,932400,-1389.841692,21.95277777777778,180,6.004158798152394,4.956594621279023,246720064.67102784,88471.37088700508,9976.01222124183,79983921.52515635,1583,2.0369444444444444,278,10,4
259,936000,-112.972536,13.805555555555555,100,4.524293729800338,6.180758943413451,197512007.50209665,69425.01316402515,10074.928645735834,64031014.34532559,1619,1.7722222222222221,296,3,1
260,939600,-150.616012,14.883333333333333,105,5.051611230793131,6.080979606205266,203916835.41108063,71898.02060342558,10106.48412356941,66107408.628064424,1620,1.8766666666666667,280,2,1
261,943200,-50.944092,11.788541666666667,85,3.8716176134054243,6.682666843203264,184229259.17092597,64468.60958004817,10074.082087550725,59724860.96589312,1616,1.5841666666666667,296,5,3
262,946800,-70.178,12.76875,100,4.516492577030265,6.500886306877268,189253806.6480457,66370.80733699971,10140.27012140847,61353781.417382956,1627,1.695,300,11,6
263,950400,-195.893315,15.972222222222221,140,4.665404538757838,6.043296299865935,209791411.88750196,74141.52244082658,10079.495183890254,68011901.94229892,1615,1.511111111111111,298,6,2
264,954000,-48.234662,7.622916666666667,50,2.8120447455974995,7.91375379874726,157520718.07129765,54375.152998007965,10075.928018489087,51066168.97949885,1625,1.4805555555555556,327,5,2
265,957600,-15.542851,12.189583333333333,75,3.9198435660835584,6.642323582922804,186217028.2467857,65226.55555935405,10106.98529850463,60369279.95372556,1623,1.4044444444444444,307,2,2
266,961200,1.493292,10.635069444444444,70,3.844745791657762,6.985781969075684,175987720.56863245,61318.714056646175,10118.216305332408,57053018.51585098,1627,1.4275,308,4,1
267,964800,-80.480638,14.166666666666666,100,4.77507075017428,6.221480581912959,198461480.23653364,69834.825535099,10097.03165353501,64338827.53228611,1614,1.5780555555555555,288,1,1
268,968400,-6.495076,9.022222222222222,55,3.223558478334091,7.465378510338604,166137564.02206174,57603.121477517474,10124.046814771567,53859684.97754372,1621,1.5194444444444444,314,10,0
269,972000,-130.587593,12.053819444444445,80,4.402409576758102,6.639142542291088,184519216.23898855,64543.29661904269,10026.822890503212,59818858.480064034,1628,1.4622222222222223,292,8,4
270,975600,1.343254,10.521527777777777,70,3.528533520676594,7.009815944014619,176007809.81851104,61343.07018787994,10100.936473764847,57059530.02427518,1629,1.7641666666666667,308,2,1
271,979200,-291.822277,10.061805555555555,105,3.9524680900772586,7.375739624264419,170941537.82366163,59525.87425295275,10060.90782480935,55417100.82366356,1596,1.4869444444444444,302,7,4
272,982800,-608.940535,15.388194444444444,165,4.956217292489605,6.550404650198131,201349794.68686807,71233.9216465507,9986.547087082472,65275231.11411904,1571,1.76,286,5,1
273,986400,-176.861176,12.590625,115,4.527338794381576,6.643770404576958,187670550.06813014,65794.08297941653,10066.028413345235,60840501.57679816,1616,1.8308333333333333,286,9,3
274,990000,-469.642831,17.004513888888887,150,5.056428187612835,5.727095353859869,218511913.5100003,77371.86178000038,10059.987409908661,70839007.07253508,1617,1.7616666666666667,274,4,1
275,993600,-472.987653,16.65763888888889,120,5.586717468693031,5.922155556835804,212959956.22838384,75406.2065295804,10050.277064338383,69039124.8978354,1601,1.5611111111111111,288,5,1
276,997200,-122.976363,12.827777777777778,100,4.533976913808834,6.416964434854416,190341593.52929235,66760.47705069967,10089.0910953915,61706425.160687864,1616,1.8819444444444444,284,0,0
277,1000800,-321.666316,11.452430555555555,85,4.427536262645892,6.821488434826741,180595872.61047193,63107.87767813336,10058.051940076712,58546948.022834584,1618,1.5666666666666667,294,5,2
